phone,first_name,last_name,pref_language,date_of_joining,privacy,Status,area_id
9132328837,Yasir,Park,English,2020-11-17,Disabled,Unknown,120368
9450061427,Bruce,Hammond,Hindi,2020-08-30,Enabled,Verified,316645
9797736171,Barclay,Alexander,English,2020-02-17,Disabled,Unknown,485219
9586640674,Mohammad,Rush,English,2021-01-14,Disabled,Verified,163523
9898614273,Burke,Cortez,Hindi,2019-09-04,Enabled,Verified,872964
9867456663,Wyoming,Waters,Hindi,2019-11-08,Enabled,Unknown,487835
9771339555,Cameran,Thomas,Hindi,2019-04-28,Disabled,Verified,466855
9984457412,Vernon,Livingston,Hindi,2019-03-01,Enabled,Blocked,584074
9776132442,Derek,Carver,English,2020-07-10,Enabled,Blocked,161883
9615882758,Graham,Coleman,English,2020-11-16,Enabled,Verified,516304
9436652636,Alvin,Heath,English,2020-02-06,Disabled,Verified,803849
9521184877,Sara,Riley,Hindi,2020-03-14,Disabled,Verified,446250
9113634208,Zeph,Joyner,Hindi,2020-10-05,Disabled,Blocked,686966
9835335356,Davis,Nixon,English,2020-01-23,Disabled,Verified,267313
9617865922,Astra,Kent,Hindi,2020-03-31,Enabled,Blocked,341084
9868218176,Lacy,Salinas,Hindi,2020-04-23,Disabled,Unknown,653371
9989528254,MacKenzie,Hale,English,2019-10-11,Disabled,Blocked,173642
9317811717,Gemma,Mack,English,2019-06-20,Disabled,Verified,454054
9261481743,Beau,Byers,Hindi,2020-12-29,Disabled,Blocked,842121
9139623353,Sopoline,Craft,Hindi,2021-01-17,Enabled,Blocked,574864
9185557667,Ashton,Bright,Hindi,2021-01-03,Enabled,Verified,813513
9513247511,Dexter,Garcia,English,2020-05-24,Enabled,Unknown,879173
9120152327,Francesca,Meyers,English,2020-11-01,Enabled,Blocked,606226
9161231259,Uriel,Kirkland,English,2019-07-14,Enabled,Unknown,813712
9491252693,Zenia,Bean,Hindi,2019-11-30,Enabled,Unknown,545768
9751375227,Jolie,Knox,English,2019-10-07,Disabled,Unknown,436747
9117021836,Drake,Clarke,English,2019-09-02,Enabled,Blocked,215576
9185270459,Rafael,Roth,English,2019-02-19,Disabled,Blocked,494191
9229631852,Tatum,Carter,Hindi,2019-07-29,Enabled,Unknown,528203
9615574688,Alexis,Stein,Hindi,2019-10-29,Enabled,Blocked,450372
9834693558,Laurel,Collier,Hindi,2020-05-04,Disabled,Blocked,943744
9207138110,Erica,Mccall,English,2020-11-01,Disabled,Verified,637738
9787506526,Hamilton,Larson,Hindi,2020-06-16,Disabled,Blocked,635462
9580655266,Nyssa,Lynn,Hindi,2021-01-26,Disabled,Unknown,239337
9439712547,Bevis,Bright,English,2019-06-29,Enabled,Blocked,218287
9318595218,Sean,Walters,Hindi,2020-02-22,Disabled,Verified,715352
9681711999,Tanya,Mann,Hindi,2020-12-20,Disabled,Blocked,482877
9031751348,Orson,Bray,English,2020-08-30,Disabled,Verified,332360
9553884354,Charity,Stone,Hindi,2019-06-15,Disabled,Verified,323516
9119173172,Charles,Talley,English,2020-08-21,Disabled,Unknown,916641
9671154030,Madeline,Bush,Hindi,2019-06-28,Disabled,Blocked,222487
9231581408,Fatima,Garrison,English,2020-07-25,Disabled,Blocked,700753
9435527525,Solomon,Fowler,English,2019-12-11,Disabled,Blocked,136477
9561629214,Kiona,Mathews,English,2019-10-13,Disabled,Blocked,313862
9637875569,Dante,Carpenter,English,2019-05-03,Disabled,Verified,547813
9327289129,Kamal,Harvey,English,2020-09-06,Enabled,Verified,788411
9862467822,Orson,Rich,Hindi,2021-01-01,Disabled,Verified,722258
9778727626,Diana,Mcdonald,Hindi,2020-08-08,Enabled,Verified,802352
9953072238,Leonard,Sampson,Hindi,2020-03-05,Enabled,Blocked,157975
9602147719,Oscar,Hahn,Hindi,2019-09-23,Disabled,Verified,335376
9711375532,Dacey,Aguilar,English,2021-01-09,Disabled,Verified,779057
9885533963,Abigail,Graham,Hindi,2020-12-18,Enabled,Verified,436947
9872027931,Karen,Mcdonald,English,2020-10-13,Enabled,Verified,875163
9642713224,Wayne,Rodriquez,Hindi,2021-01-27,Disabled,Blocked,555189
9418431961,Martena,Hicks,English,2019-03-09,Disabled,Unknown,598148
9237818061,Rama,Mcpherson,Hindi,2021-02-11,Disabled,Blocked,426762
9775375734,Caleb,Cortez,Hindi,2019-11-10,Disabled,Unknown,729541
9315642024,Maggie,Sims,English,2020-01-19,Enabled,Blocked,636657
9484122338,Solomon,O'donnell,English,2020-09-12,Disabled,Verified,212789
9334410444,Hashim,Cox,Hindi,2021-01-06,Disabled,Blocked,633497
9947284577,Roth,Morales,English,2020-05-06,Disabled,Verified,430115
9194440624,Melodie,Thompson,English,2020-06-03,Disabled,Verified,653286
9143238421,Kelsey,Buckley,Hindi,2019-03-17,Enabled,Unknown,388784
9544067418,Ramona,Preston,Hindi,2019-05-31,Disabled,Blocked,617783
9195514542,Alma,Nunez,Hindi,2019-07-03,Disabled,Verified,364821
9743635159,Thor,Dillon,Hindi,2019-10-26,Enabled,Blocked,880312
9168613222,Xantha,Mcmahon,English,2021-01-31,Disabled,Blocked,516256
9669752348,Chanda,Goodman,Hindi,2019-04-13,Disabled,Verified,381151
9537647867,Lunea,Mcpherson,Hindi,2020-05-30,Enabled,Blocked,288059
9918431455,Faith,Dennis,Hindi,2019-06-12,Disabled,Verified,386574
9336363892,Quamar,Hewitt,English,2019-08-25,Enabled,Verified,537836
9416758436,Keane,Hinton,English,2019-08-22,Disabled,Unknown,445351
9125719532,September,Cobb,English,2019-12-21,Disabled,Blocked,797639
9523936466,Ifeoma,Pate,English,2020-05-12,Disabled,Verified,413134
9278285145,Hunter,Coffey,Hindi,2019-12-31,Enabled,Blocked,260436
9677475540,Christen,Copeland,Hindi,2020-08-18,Enabled,Unknown,702685
9705277811,Darryl,Colon,English,2019-05-25,Enabled,Verified,373997
9111328522,Rudyard,Webb,Hindi,2020-09-22,Disabled,Blocked,577558
9241671578,Lucius,Smith,Hindi,2019-09-09,Disabled,Verified,712186
9624487867,Gary,Freeman,English,2019-08-04,Enabled,Verified,437875
9624147814,Leigh,Schneider,English,2019-07-12,Enabled,Verified,194578
9244795967,Lucy,Murphy,Hindi,2021-02-07,Enabled,Blocked,723367
9588640416,Sarah,Faulkner,Hindi,2019-03-13,Enabled,Verified,595444
9333186992,Patricia,Huffman,English,2019-08-22,Enabled,Verified,713224
9166316665,Scott,Oliver,English,2019-08-25,Disabled,Verified,324386
9433642180,Gage,Lowery,Hindi,2019-09-18,Enabled,Blocked,814675
9346415581,Vladimir,Rowe,Hindi,2019-07-06,Disabled,Verified,688208
9149121882,Francesca,Castaneda,English,2019-10-03,Enabled,Verified,564256
9579967622,Kelsey,Rocha,English,2021-01-22,Disabled,Verified,753831
9913987533,Alan,Wall,English,2019-11-29,Enabled,Verified,373634
9511117343,Nomlanga,Cline,Hindi,2019-09-19,Enabled,Blocked,450845
9559620402,Driscoll,Holder,English,2020-10-06,Disabled,Blocked,816167
9122136116,Kitra,Gardner,English,2021-01-14,Disabled,Blocked,888101
9386535911,Colt,Avery,Hindi,2019-05-19,Disabled,Blocked,282149
9441512838,Hedy,Cooke,English,2021-01-25,Enabled,Unknown,886265
9236581227,Rebecca,Petty,Hindi,2019-08-12,Enabled,Verified,213681
9307501778,Eleanor,Cervantes,Hindi,2020-07-27,Enabled,Unknown,559774
9069850482,Jolie,Perry,Hindi,2019-08-28,Enabled,Verified,623772
9186112358,Shaeleigh,Harvey,Hindi,2020-04-15,Disabled,Verified,326418
9837550133,Jade,Morales,English,2019-08-03,Disabled,Unknown,746316
9532494761,Tatiana,Calderon,English,2020-07-05,Enabled,Blocked,120368
9166877619,Jason,Brooks,Hindi,2020-04-28,Disabled,Blocked,316645
9442813668,Malcolm,Albert,Hindi,2019-05-31,Disabled,Blocked,485219
9252563358,Lane,Sheppard,English,2020-06-29,Disabled,Verified,163523
9890118834,Adrienne,Suarez,English,2020-09-18,Enabled,Blocked,872964
9623669231,Tarik,Fields,English,2020-01-16,Enabled,Blocked,487835
9771377585,Lucas,Barr,English,2019-06-18,Disabled,Verified,466855
9518224676,Derek,Nunez,Hindi,2019-12-29,Disabled,Blocked,584074
9523253155,Orlando,Benson,Hindi,2019-04-15,Disabled,Verified,161883
9287121282,Barry,Cortez,English,2020-08-18,Enabled,Unknown,516304
9266752726,Bruno,Hyde,Hindi,2019-09-23,Enabled,Unknown,803849
9478225075,Seth,Kennedy,Hindi,2019-02-15,Enabled,Unknown,446250
9460112813,Forrest,Dyer,English,2020-12-07,Enabled,Blocked,686966
9175477973,Justin,Mcmahon,Hindi,2020-04-24,Disabled,Unknown,267313
9255172181,Shelby,Rasmussen,English,2020-06-29,Enabled,Verified,341084
9784621158,Mikayla,Ray,Hindi,2020-07-13,Enabled,Unknown,653371
9663314043,Sharon,Emerson,Hindi,2021-01-19,Disabled,Verified,173642
9751532824,Keaton,Duran,Hindi,2020-07-15,Enabled,Verified,454054
9526361175,Gisela,Kent,English,2020-11-10,Disabled,Blocked,842121
9762462518,Hasad,Winters,English,2020-06-29,Enabled,Unknown,574864
9127869896,Uriah,Wilder,English,2020-01-22,Disabled,Unknown,813513
9722377747,Kirsten,Brooks,English,2019-06-04,Enabled,Blocked,879173
9282765841,Fiona,Jacobson,English,2019-05-06,Disabled,Blocked,606226
9016656950,Elijah,Mayer,English,2019-08-17,Enabled,Blocked,813712
9652768221,Graham,Lane,English,2020-01-12,Enabled,Blocked,545768
9738360111,Hollee,House,English,2019-08-20,Enabled,Blocked,436747
9789531264,Joshua,Steele,English,2019-06-13,Enabled,Blocked,215576
9292425034,Rahim,Jarvis,Hindi,2020-08-24,Disabled,Blocked,494191
9437609231,Matthew,Henson,Hindi,2019-06-23,Enabled,Verified,528203
9746543025,Laurel,Bartlett,English,2020-01-08,Disabled,Blocked,450372
9425064419,Sawyer,York,English,2020-05-11,Disabled,Unknown,943744
9850145782,Hadassah,Walters,English,2020-06-26,Disabled,Blocked,637738
9847263812,Heidi,Kemp,English,2021-02-01,Disabled,Verified,635462
9626668584,Cameran,Spence,English,2020-02-16,Disabled,Unknown,239337
9075734103,Madaline,Beck,English,2019-02-12,Disabled,Verified,218287
9073152782,Hayes,Vance,English,2020-03-12,Enabled,Blocked,715352
9746445742,Maxwell,Finch,Hindi,2019-12-13,Enabled,Blocked,482877
9581775461,Donovan,Morse,English,2019-07-08,Disabled,Blocked,332360
9511805211,Matthew,Skinner,Hindi,2020-10-13,Enabled,Unknown,323516
9524650065,Phoebe,Johns,English,2019-02-20,Disabled,Verified,916641
9151863756,Donna,Thornton,Hindi,2019-09-18,Disabled,Verified,222487
9742146886,Marsden,Bush,English,2020-01-21,Disabled,Blocked,700753
9563451451,Thaddeus,Garrison,Hindi,2020-06-13,Disabled,Unknown,136477
9717539429,Kameko,Collins,English,2020-05-20,Enabled,Blocked,313862
9782366457,Carol,Griffith,Hindi,2019-09-28,Enabled,Verified,547813
9309612977,Illana,Gilliam,English,2020-06-15,Enabled,Unknown,788411
9125672815,Rahim,Lamb,English,2020-11-05,Enabled,Unknown,722258
9675963272,Margaret,Knapp,English,2020-09-09,Disabled,Verified,802352
9951424956,Genevieve,Burks,Hindi,2019-10-08,Disabled,Unknown,157975
9247002621,Geoffrey,Ramirez,Hindi,2019-03-11,Disabled,Unknown,335376
9429635766,Karina,Bowers,Hindi,2019-04-07,Enabled,Unknown,779057
9870566478,Coby,Weber,English,2020-01-12,Enabled,Unknown,436947
9052252037,Linda,Sharp,Hindi,2020-06-23,Enabled,Unknown,875163
9154242156,Linus,Gallagher,English,2020-02-02,Enabled,Blocked,555189
9436527515,Cherokee,Wyatt,Hindi,2021-01-04,Disabled,Verified,598148
9456507381,Cole,Sykes,English,2020-10-23,Enabled,Blocked,426762
9332465514,Madeline,Wallace,Hindi,2020-07-03,Enabled,Verified,729541
9341520632,Deacon,Tyson,Hindi,2020-11-08,Disabled,Blocked,636657
9465185840,Porter,Jackson,Hindi,2019-06-08,Enabled,Blocked,212789
9858958684,Simone,Weaver,English,2020-03-22,Disabled,Verified,633497
9096923688,Farrah,Hernandez,English,2020-02-26,Disabled,Unknown,430115
9427656856,Jack,Barr,English,2020-06-09,Disabled,Unknown,653286
9671284039,Virginia,Pugh,English,2019-04-08,Disabled,Unknown,388784
9632772436,Ima,Christian,Hindi,2019-09-18,Enabled,Blocked,617783
9448857345,Emi,Wiley,English,2019-10-23,Enabled,Verified,364821
9642918178,Melanie,Brock,Hindi,2021-01-18,Enabled,Unknown,880312
9476588351,Coby,Hoover,English,2021-02-15,Enabled,Verified,516256
9473774082,Elijah,Nixon,English,2020-03-21,Enabled,Unknown,381151
9964266527,Ariana,Patel,Hindi,2019-06-16,Disabled,Unknown,288059
9831656671,Jana,Bradford,English,2019-12-25,Disabled,Unknown,386574
9012473368,Iris,Drake,Hindi,2020-01-21,Enabled,Verified,537836
9971374678,Kieran,Russo,Hindi,2020-01-29,Enabled,Blocked,445351
9815253725,Yardley,O'donnell,Hindi,2020-05-30,Enabled,Unknown,797639
9404953656,Lydia,Shepherd,Hindi,2019-09-11,Enabled,Verified,413134
9746054126,Gavin,Burns,Hindi,2019-03-10,Disabled,Verified,260436
9927386762,Evelyn,Frederick,English,2020-06-03,Disabled,Verified,702685
9658473575,Kimberley,Kirby,English,2019-10-26,Enabled,Blocked,373997
9303962272,Kiona,Vance,English,2019-03-05,Enabled,Blocked,577558
9870802261,Wynter,Heath,Hindi,2019-02-27,Disabled,Verified,712186
9872534735,Odette,Rojas,English,2020-05-11,Enabled,Blocked,437875
9256961055,Miranda,Decker,English,2020-03-09,Disabled,Blocked,194578
9995723159,Rafael,Pittman,Hindi,2019-06-02,Disabled,Unknown,723367
9487867545,Arsenio,Mathis,Hindi,2019-06-10,Disabled,Unknown,595444
9552782132,Abigail,Hall,English,2020-02-29,Enabled,Blocked,713224
9478531938,Elaine,Stafford,Hindi,2020-06-10,Disabled,Verified,324386
9437987841,Gavin,Hewitt,Hindi,2019-11-11,Enabled,Unknown,814675
9415843364,Driscoll,Sutton,English,2019-06-15,Enabled,Blocked,688208
9944841185,Jin,Tucker,Hindi,2021-01-28,Enabled,Verified,564256
9575069848,Chester,Santos,Hindi,2021-01-16,Disabled,Unknown,753831
9128228124,Malachi,Olson,English,2020-10-20,Enabled,Blocked,373634
9415173648,Isaiah,Mathews,English,2020-10-03,Disabled,Verified,450845
9646767184,Urielle,Mcgee,English,2020-10-30,Disabled,Verified,816167
9101201728,Harlan,Justice,English,2019-05-24,Disabled,Blocked,888101
9805777723,Galvin,Andrews,Hindi,2020-06-17,Enabled,Unknown,282149
9944877463,Macey,Hartman,Hindi,2019-12-20,Disabled,Unknown,886265
9943596568,Merritt,Palmer,Hindi,2020-04-18,Disabled,Unknown,213681
9680378529,Galvin,Wilkinson,English,2019-11-03,Disabled,Blocked,559774
9494129745,Cairo,Henry,Hindi,2020-02-14,Enabled,Unknown,623772
9509118114,Emerson,Duffy,Hindi,2019-08-20,Disabled,Unknown,326418
9978515081,Lacota,Bell,Hindi,2019-10-31,Disabled,Unknown,746316
9838455720,Celeste,Serrano,English,2019-09-21,Disabled,Unknown,120368
9223435349,Vance,Conway,English,2020-02-07,Enabled,Unknown,316645
9317818411,Aaron,Irwin,English,2020-04-19,Enabled,Verified,485219
9134772637,Lacey,Aguilar,English,2020-04-19,Disabled,Verified,163523
9222359568,Alexandra,Franks,Hindi,2019-07-13,Disabled,Verified,872964
9613153367,Vincent,Whitfield,Hindi,2020-07-29,Disabled,Verified,487835
9500272247,Quemby,Simmons,English,2021-01-01,Enabled,Unknown,466855
9435837215,Joel,Mcfadden,English,2021-01-03,Enabled,Unknown,584074
9351162654,Ignatius,Turner,Hindi,2020-08-25,Disabled,Verified,161883
9176877242,Aileen,Hopkins,Hindi,2019-07-06,Enabled,Verified,516304
9852156571,Jelani,Ferguson,English,2020-11-10,Disabled,Verified,803849
9871163813,Slade,Dillard,English,2020-06-18,Enabled,Blocked,446250
9563114189,Fleur,Witt,Hindi,2020-02-07,Disabled,Unknown,686966
9272315722,Kato,Hampton,Hindi,2020-09-28,Enabled,Verified,267313
9544637260,Octavia,Reyes,Hindi,2019-04-04,Enabled,Blocked,341084
9588475884,Hiram,Hartman,English,2019-03-03,Enabled,Blocked,653371
9153238114,Wing,Armstrong,Hindi,2020-05-11,Enabled,Blocked,173642
9338426239,Wang,Hodges,English,2019-06-29,Disabled,Verified,454054
9233078216,Mark,Duran,English,2019-06-17,Disabled,Unknown,842121
9070637821,Owen,Sweeney,Hindi,2019-09-02,Disabled,Verified,574864
9888434359,Kato,Cotton,English,2019-08-31,Disabled,Blocked,813513
9869196375,Phoebe,Johns,Hindi,2020-09-09,Enabled,Unknown,879173
9451567440,Sacha,Bass,English,2019-12-13,Enabled,Blocked,606226
9698024954,Grady,Farmer,English,2020-08-20,Enabled,Blocked,813712
9145313712,Bertha,Burgess,English,2021-01-03,Enabled,Verified,545768
9637365584,Quentin,Kemp,English,2020-03-13,Disabled,Blocked,436747
9365814885,Abraham,Contreras,English,2020-10-01,Disabled,Unknown,215576
9781567001,Hope,Todd,Hindi,2019-03-26,Disabled,Blocked,494191
9622842795,Baxter,Mcclain,Hindi,2019-06-30,Disabled,Verified,528203
9773766073,Connor,Swanson,English,2020-11-11,Disabled,Blocked,450372
9837514232,Wallace,Sawyer,English,2019-05-01,Disabled,Unknown,943744
9665755584,Quynn,Dillon,Hindi,2019-09-08,Enabled,Blocked,637738
9614458756,Reed,Castro,Hindi,2020-09-23,Enabled,Unknown,635462
9575562515,Leigh,Emerson,English,2019-06-05,Enabled,Verified,239337
9773880116,Levi,Hampton,English,2020-03-18,Disabled,Blocked,218287
9297121166,Lilah,Perry,English,2019-05-19,Disabled,Blocked,715352
9578655329,Quinlan,Tucker,Hindi,2019-04-29,Enabled,Blocked,482877
9853023450,Allen,Vaughn,Hindi,2020-11-27,Enabled,Verified,332360
9569152316,Rooney,Camacho,English,2020-10-14,Disabled,Blocked,323516
9844804458,Doris,Franco,English,2019-11-06,Enabled,Blocked,120368
9969433852,Alvin,Hammond,Hindi,2020-06-23,Enabled,Blocked,316645
9889963721,Tyler,Coffey,Hindi,2019-03-26,Enabled,Unknown,485219
9148612283,Marsden,Ward,Hindi,2020-06-15,Disabled,Verified,163523
9884713733,Dean,Griffin,English,2019-11-19,Enabled,Blocked,872964
9704816473,Cain,Brooks,English,2019-03-22,Disabled,Unknown,487835
9992373113,Veronica,Vasquez,English,2020-04-13,Enabled,Unknown,466855
9544514343,Ocean,Duran,Hindi,2021-01-02,Disabled,Blocked,584074
9530623417,Allen,Alvarez,English,2019-06-25,Disabled,Verified,161883
9414607489,Dante,Sargent,Hindi,2019-09-07,Enabled,Blocked,516304
9138267166,Leigh,Sargent,Hindi,2019-09-13,Enabled,Unknown,803849
9673249370,Bevis,Stephenson,Hindi,2019-09-22,Enabled,Blocked,446250
9645761373,Orla,Carr,Hindi,2019-08-25,Enabled,Unknown,686966
9335561546,George,Malone,Hindi,2019-08-08,Enabled,Blocked,267313
9237431752,Megan,Coffey,Hindi,2020-04-23,Disabled,Blocked,341084
9454641726,Lareina,Scott,Hindi,2019-09-25,Enabled,Blocked,653371
9478631535,Mari,Calhoun,English,2020-02-12,Enabled,Unknown,173642
9532827285,Kim,Dudley,Hindi,2019-11-28,Enabled,Unknown,454054
9879870282,Trevor,Cruz,Hindi,2020-12-11,Disabled,Blocked,842121
9656685933,Quamar,Walker,Hindi,2020-10-26,Enabled,Verified,574864
9232777980,Heather,Sampson,Hindi,2020-02-06,Enabled,Blocked,813513
9556465101,Cyrus,Lloyd,Hindi,2019-12-08,Disabled,Verified,879173
9039157321,Lenore,Saunders,Hindi,2019-07-04,Enabled,Blocked,606226
9651886259,Leroy,Huber,Hindi,2019-09-15,Enabled,Verified,813712
9106546586,Nathaniel,Diaz,English,2020-04-04,Enabled,Verified,545768
9723436988,Shea,Duran,English,2019-12-16,Disabled,Blocked,436747
9353096149,Alice,Walters,Hindi,2019-04-30,Disabled,Unknown,215576
9634427183,Elmo,Duran,Hindi,2020-09-10,Disabled,Blocked,494191
9173760274,Nina,Mueller,English,2019-08-24,Enabled,Verified,528203
9716631557,Raja,Alford,English,2019-06-10,Enabled,Blocked,450372
9074404112,Rina,Leblanc,Hindi,2019-07-02,Enabled,Unknown,943744
9373716841,Kaye,Koch,English,2020-12-25,Disabled,Unknown,637738
9531518828,Wylie,Wooten,Hindi,2020-07-06,Enabled,Verified,635462
9730712130,Keely,Burnett,English,2019-06-11,Enabled,Verified,239337
9013765566,Abel,Vinson,English,2019-05-27,Enabled,Unknown,218287
9713445776,Ishmael,Osborn,Hindi,2020-01-08,Disabled,Verified,715352
9154623154,Robert,Price,Hindi,2019-06-29,Disabled,Verified,482877
9795112876,Oren,Randolph,Hindi,2020-10-19,Disabled,Unknown,332360
9115978134,Urielle,Finch,English,2020-10-23,Disabled,Blocked,323516
9729749798,Jorden,Lancaster,English,2019-10-17,Enabled,Unknown,916641
9724573473,Hector,Branch,English,2020-10-31,Disabled,Verified,222487
9355434910,Petra,Huffman,English,2020-11-28,Enabled,Unknown,700753
9128525251,Raven,Peters,English,2019-09-08,Disabled,Verified,136477
9921454974,Robert,Mccall,English,2019-02-08,Enabled,Blocked,313862
9152381723,Gretchen,Clark,Hindi,2019-11-01,Disabled,Verified,547813
9723518963,Cleo,Snow,English,2019-12-28,Disabled,Verified,788411
9378401821,Avye,Chapman,English,2019-05-19,Disabled,Unknown,722258
9891332950,Wyatt,Charles,English,2020-12-23,Enabled,Verified,802352
9136748938,Odessa,Larsen,Hindi,2019-11-16,Disabled,Blocked,157975
9293825241,Colton,Valencia,Hindi,2019-09-01,Disabled,Unknown,335376
9368428182,Pandora,Oliver,English,2019-03-05,Enabled,Verified,779057
9826468935,Whoopi,Sanchez,Hindi,2019-07-19,Enabled,Unknown,436947
9978445006,Alika,Crane,English,2020-10-25,Disabled,Verified,875163
9071784358,Elaine,Perry,Hindi,2019-09-09,Enabled,Unknown,555189
9385512942,Denise,Pollard,English,2019-12-09,Disabled,Verified,598148
9374392722,Shana,Richard,English,2019-09-09,Enabled,Unknown,426762
9220272498,Delilah,French,English,2019-07-05,Disabled,Unknown,729541
9492095252,Evangeline,Benson,English,2019-04-04,Disabled,Blocked,636657
9355986434,Karyn,Anthony,English,2019-02-18,Disabled,Verified,212789
9120736673,Hanna,Schultz,Hindi,2019-07-04,Enabled,Blocked,633497
9247296241,Keane,Maynard,Hindi,2020-07-29,Enabled,Verified,430115
9388577125,Phillip,Mcneil,English,2020-07-19,Disabled,Unknown,653286
9566273850,Catherine,Fuentes,Hindi,2020-02-24,Disabled,Blocked,388784
9503542362,Daria,Welch,English,2020-02-17,Enabled,Blocked,617783
9643704158,Carolyn,Walters,Hindi,2020-04-03,Enabled,Blocked,364821
9454973913,Stone,Marquez,English,2019-07-19,Enabled,Unknown,880312
9660166053,Quinn,Wise,Hindi,2019-09-02,Enabled,Blocked,516256
9838262562,Debra,Parsons,Hindi,2020-01-16,Disabled,Blocked,381151
9351354753,Stephen,Sweet,English,2019-09-13,Disabled,Blocked,288059
9089158615,Sean,Preston,English,2020-01-08,Enabled,Blocked,386574
9754378488,Skyler,Massey,Hindi,2020-05-13,Disabled,Verified,537836
9628584826,Cleo,Ortiz,Hindi,2020-05-05,Enabled,Blocked,445351
9837921658,Irene,Castro,Hindi,2020-06-22,Enabled,Unknown,797639
9423028076,Armand,Bowman,Hindi,2020-01-09,Disabled,Verified,413134
9377883897,Roanna,Cash,Hindi,2020-09-01,Enabled,Verified,260436
9351355802,Elijah,Haynes,English,2019-10-10,Disabled,Verified,702685
9318506351,Laurel,Castro,Hindi,2021-01-20,Disabled,Blocked,373997
9085225159,Gretchen,Caldwell,English,2021-02-11,Enabled,Unknown,577558
9160621183,Heidi,Livingston,Hindi,2021-01-29,Disabled,Verified,712186
9883037062,Gary,Booth,English,2020-07-06,Enabled,Blocked,437875
9942114991,Haley,Chen,English,2020-08-31,Disabled,Verified,194578
9751656643,Ciara,French,Hindi,2019-10-06,Enabled,Blocked,723367
9938313815,Winifred,Blair,English,2020-05-15,Enabled,Verified,595444
9198263234,Brielle,Robles,English,2019-09-07,Disabled,Blocked,713224
9182581867,Sade,Downs,English,2020-11-08,Enabled,Unknown,324386
9827458643,September,Savage,Hindi,2019-09-23,Disabled,Unknown,814675
9689168012,Katell,Trujillo,Hindi,2020-06-30,Disabled,Verified,688208
9283082382,Lilah,Merritt,English,2019-12-09,Disabled,Verified,564256
9191824772,Felicia,Bender,Hindi,2021-02-14,Enabled,Verified,753831
9688486997,Lionel,Gates,English,2019-12-30,Disabled,Blocked,373634
9386442135,Catherine,Branch,Hindi,2019-05-12,Enabled,Unknown,450845
9193684499,Nichole,Stein,English,2020-05-19,Enabled,Blocked,816167
9965215844,Theodore,Mcneil,English,2019-11-24,Disabled,Blocked,888101
9385638614,Wing,Whitney,English,2020-01-21,Enabled,Unknown,282149
9882253992,Anastasia,Saunders,English,2019-10-19,Enabled,Verified,886265
9428650384,Odette,Morton,Hindi,2021-01-25,Enabled,Unknown,213681
9176942028,Christen,Curry,Hindi,2019-04-02,Enabled,Verified,559774
9724109677,Raymond,Fields,Hindi,2020-09-21,Enabled,Unknown,623772
9344822022,Lewis,Huber,English,2019-07-24,Enabled,Verified,326418
9757495921,Kirk,Anthony,Hindi,2020-06-08,Disabled,Blocked,746316
9848476595,Nero,Reed,English,2021-01-24,Disabled,Unknown,916641
9446092721,Odysseus,Britt,Hindi,2020-02-26,Disabled,Verified,222487
9741842707,Whilemina,Parker,Hindi,2019-02-06,Enabled,Unknown,700753
9626741198,Lacy,Stokes,English,2019-09-25,Enabled,Verified,136477
9020136653,Zelenia,Boone,English,2019-07-31,Disabled,Blocked,313862
9371574577,Yeo,Schneider,Hindi,2019-05-01,Disabled,Verified,547813
9855249127,Florence,Santiago,English,2020-04-11,Enabled,Blocked,788411
9879221723,Gannon,Carver,English,2019-03-18,Enabled,Verified,722258
9828969827,Clementine,Lyons,Hindi,2020-02-13,Disabled,Unknown,802352
9148867853,Kaye,Mcintyre,English,2020-11-10,Disabled,Unknown,157975
9818198461,William,Zimmerman,English,2019-07-25,Disabled,Blocked,335376
9631413625,Amelia,Houston,Hindi,2019-11-25,Enabled,Verified,779057
9104719660,India,Sargent,Hindi,2020-04-01,Enabled,Verified,436947
9866988603,Evangeline,Perry,English,2020-08-18,Disabled,Blocked,875163
9368001282,Rajah,Acosta,Hindi,2019-04-11,Disabled,Unknown,555189
9540213521,Beau,Mcdowell,Hindi,2020-03-26,Enabled,Blocked,598148
9169778589,Brenna,Calderon,English,2019-09-14,Enabled,Unknown,426762
9182156674,Melinda,Roy,English,2020-08-23,Disabled,Blocked,729541
9883413294,Glenna,Watts,English,2020-06-25,Disabled,Unknown,636657
9313385366,Xyla,Schneider,Hindi,2020-10-10,Enabled,Blocked,212789
9062250842,Farrah,Shields,English,2020-10-20,Enabled,Verified,633497
9716504318,Alfonso,Hartman,English,2019-09-24,Enabled,Unknown,430115
9016262740,Illiana,Potts,English,2019-11-21,Disabled,Unknown,653286
9647393308,Damian,Skinner,Hindi,2019-03-08,Enabled,Verified,388784
9547141492,Giselle,Booth,Hindi,2020-09-11,Disabled,Verified,617783
9055483764,Herman,Carr,English,2021-01-26,Enabled,Blocked,364821
9958825341,Grady,Noel,English,2019-12-27,Enabled,Unknown,880312
9184649862,Gage,Roth,Hindi,2020-05-23,Disabled,Unknown,120368
9555232258,Randall,Lane,Hindi,2019-04-30,Enabled,Verified,316645
9255473388,Amos,Lowe,English,2020-05-21,Enabled,Unknown,485219
9204859642,Amery,Stevens,Hindi,2020-06-02,Disabled,Unknown,163523
9127348371,Genevieve,Barker,English,2020-01-06,Enabled,Blocked,872964
9437873153,April,Cleveland,Hindi,2020-01-06,Enabled,Blocked,487835
9550558241,Chaim,Wooten,English,2019-08-21,Disabled,Blocked,466855
9371934439,Macy,Hanson,Hindi,2019-12-02,Enabled,Verified,584074
9156777518,Ulric,Rios,English,2020-09-01,Disabled,Blocked,161883
9083241131,Isaiah,Singleton,Hindi,2019-11-13,Enabled,Verified,516304
9665685572,Bertha,Garcia,Hindi,2019-06-05,Disabled,Verified,803849
9899651867,Levi,Olsen,Hindi,2020-01-12,Enabled,Verified,446250
9152487921,Elaine,Whitley,Hindi,2020-10-12,Disabled,Unknown,686966
9649391037,Tatiana,Mayer,English,2021-01-12,Disabled,Unknown,267313
9433271275,Colby,Kemp,Hindi,2021-01-08,Disabled,Verified,341084
9602274960,Bryar,Gibson,English,2019-05-10,Disabled,Unknown,653371
9445855625,Dillon,Bailey,Hindi,2019-10-12,Enabled,Unknown,173642
9763503042,Vivian,Hoover,English,2020-11-14,Disabled,Unknown,454054
9714200432,Garrison,O'donnell,Hindi,2019-10-10,Disabled,Unknown,842121
9295973895,Avye,Hurley,English,2020-03-17,Enabled,Unknown,574864
9819518326,Octavius,Lynn,English,2020-01-23,Disabled,Unknown,813513
9761930117,Geoffrey,Browning,Hindi,2019-11-27,Disabled,Blocked,879173
9141098173,Karly,Hays,Hindi,2020-12-23,Enabled,Unknown,606226
9108575011,Kermit,Higgins,English,2019-08-01,Enabled,Verified,813712
9324680466,Kiona,Holmes,English,2020-10-23,Enabled,Unknown,545768
9356118328,Ivory,Villarreal,Hindi,2019-10-25,Enabled,Unknown,436747
9584558674,Margaret,Hernandez,Hindi,2020-07-25,Enabled,Verified,215576
9484086055,Hiram,Branch,English,2019-11-14,Disabled,Verified,494191
9894049255,Zane,Gates,Hindi,2020-09-24,Disabled,Blocked,528203
9206193678,Macon,Lewis,Hindi,2019-02-24,Enabled,Unknown,450372
9828737278,Timothy,Jones,Hindi,2020-01-24,Enabled,Verified,943744
9675629367,Paul,Mills,Hindi,2020-11-18,Enabled,Unknown,637738
9769995795,Rhonda,Underwood,Hindi,2019-09-02,Enabled,Blocked,635462
9835046149,Hall,Diaz,Hindi,2020-03-04,Enabled,Blocked,239337
9797663944,Ora,Herrera,Hindi,2019-12-04,Enabled,Blocked,218287
9587142554,Nell,Harmon,English,2020-03-10,Disabled,Unknown,715352
9187441373,Ulysses,Robles,English,2019-03-07,Disabled,Unknown,482877
9801172102,William,Carey,Hindi,2020-03-16,Disabled,Unknown,332360
9109254122,Xandra,Knight,English,2019-02-17,Disabled,Unknown,323516
9123672559,Asher,Blevins,English,2019-03-26,Disabled,Unknown,916641
9758255652,Alfonso,House,Hindi,2019-08-28,Enabled,Blocked,222487
9187232758,Jillian,Fuentes,English,2020-08-11,Enabled,Blocked,700753
9162647278,Martena,Wilkins,English,2021-02-07,Enabled,Blocked,136477
9045986318,George,Leach,Hindi,2020-01-29,Disabled,Verified,313862
9241643368,Iola,Ingram,Hindi,2019-03-07,Disabled,Blocked,547813
9755011615,Xandra,Blake,Hindi,2020-01-29,Disabled,Unknown,788411
9851565224,Jelani,Kline,Hindi,2020-09-23,Enabled,Verified,722258
9461547579,Tanek,Parsons,Hindi,2020-03-09,Enabled,Verified,802352
9202684552,Hayden,Pacheco,Hindi,2020-07-01,Disabled,Unknown,157975
9416238806,Beverly,Oneal,Hindi,2020-06-23,Enabled,Blocked,335376
9083526410,Silas,Mason,Hindi,2020-04-09,Disabled,Unknown,779057
9644277878,William,Barber,English,2019-10-25,Disabled,Unknown,436947
9966134173,Julie,Mcintyre,English,2019-04-08,Disabled,Unknown,875163
9881068866,Chantale,Chang,Hindi,2019-11-25,Enabled,Unknown,555189
9285852892,Hanna,Vincent,English,2019-08-16,Disabled,Verified,598148
9352233753,Unity,Hale,Hindi,2019-05-07,Enabled,Verified,426762
9698260431,Noble,Ortega,English,2019-12-07,Enabled,Verified,729541
9240506164,Rhea,Lyons,English,2019-10-30,Enabled,Verified,636657
9653437233,Nash,Lester,English,2019-02-22,Disabled,Blocked,120368
9014482677,Connor,Greer,English,2019-12-29,Enabled,Blocked,316645
9839475484,Nissim,Lindsay,English,2020-10-21,Disabled,Unknown,485219
9284651574,Sybil,Vargas,Hindi,2021-01-13,Disabled,Verified,163523
9836801433,Erica,Maynard,Hindi,2020-08-10,Enabled,Blocked,872964
9272112468,Ulysses,Jefferson,Hindi,2020-11-17,Disabled,Verified,487835
9193161842,Laura,Kramer,Hindi,2021-02-01,Enabled,Blocked,466855
9832149107,Emma,Patton,English,2020-12-08,Enabled,Blocked,584074
9711756247,Zoe,Browning,Hindi,2019-08-13,Enabled,Verified,161883
9128652818,Charde,Hammond,English,2021-01-07,Enabled,Unknown,516304
9265421589,Uta,Hoover,Hindi,2019-06-08,Disabled,Unknown,803849
9595048843,Barbara,Brewer,Hindi,2020-10-17,Disabled,Unknown,446250
9848381164,Daquan,Caldwell,English,2020-09-04,Enabled,Verified,686966
9334286664,Ignacia,Nolan,English,2020-06-16,Enabled,Unknown,267313
9562178276,Sonya,Mcintyre,Hindi,2019-11-18,Enabled,Unknown,341084
9330124844,Freya,Nielsen,Hindi,2020-09-12,Enabled,Verified,653371
9236975073,Plato,Hatfield,English,2019-09-17,Disabled,Unknown,173642
9218974315,Wyatt,Matthews,English,2021-01-02,Enabled,Verified,454054
9666891426,Blake,Langley,Hindi,2019-05-17,Enabled,Unknown,842121
9769304548,Henry,Little,English,2021-01-08,Disabled,Blocked,574864
9718036142,Malik,Case,English,2020-06-11,Enabled,Unknown,813513
9165037813,Vladimir,Wood,Hindi,2019-11-14,Enabled,Blocked,879173
9806153616,Quinn,Nelson,Hindi,2020-05-19,Disabled,Unknown,606226
9643048922,Ahmed,Small,English,2020-03-17,Disabled,Blocked,813712
9227229506,Caesar,Daniel,English,2019-02-24,Enabled,Blocked,545768
9590194431,Iris,Duncan,Hindi,2020-06-17,Enabled,Verified,436747
9110868523,Isaiah,Melton,English,2019-08-07,Enabled,Unknown,215576
9959408588,Cooper,Boyd,Hindi,2019-09-03,Enabled,Unknown,494191
9751513098,Yael,Chambers,Hindi,2020-09-16,Enabled,Blocked,528203
9837888981,Caldwell,Gross,Hindi,2019-09-18,Enabled,Blocked,450372
9256415434,Rylee,Floyd,English,2020-09-21,Enabled,Verified,943744
9836716256,Malik,Moon,English,2019-08-04,Disabled,Unknown,637738
9876183897,Madaline,Browning,English,2020-08-09,Enabled,Unknown,635462
9155611846,Vera,Wiggins,Hindi,2020-08-13,Enabled,Unknown,239337
9458354225,Daniel,Cross,English,2020-12-06,Enabled,Unknown,218287
9085405864,Ronan,Rios,English,2019-03-16,Disabled,Verified,715352
9630340080,Eliana,Mcknight,English,2019-12-02,Enabled,Blocked,482877
9565005890,Jeanette,Berg,English,2020-09-23,Disabled,Unknown,332360
9531159528,Tamekah,Pruitt,English,2019-07-26,Enabled,Unknown,323516
9637816007,Illana,Guzman,Hindi,2020-04-16,Disabled,Verified,916641
9868481046,Leah,Flynn,English,2019-12-11,Enabled,Unknown,222487
9447455869,Ginger,Townsend,Hindi,2020-10-31,Enabled,Unknown,700753
9965844779,Matthew,Jimenez,Hindi,2019-03-25,Enabled,Verified,136477
9326567673,Phillip,Solis,Hindi,2020-10-02,Enabled,Unknown,313862
9147331562,Fay,Fulton,Hindi,2020-11-14,Disabled,Blocked,547813
9885995366,Gareth,Rocha,English,2020-10-10,Disabled,Blocked,788411
9859384750,Paul,Clayton,English,2020-09-19,Disabled,Unknown,722258
9763828440,Selma,Cruz,Hindi,2020-03-03,Enabled,Verified,802352
9645783773,Virginia,Hopper,Hindi,2020-01-19,Enabled,Verified,157975
9411524692,Belle,Black,English,2020-06-16,Enabled,Verified,335376
9246134185,Thaddeus,Rojas,Hindi,2020-04-23,Enabled,Blocked,779057
9796847112,Suki,Barber,Hindi,2020-01-31,Enabled,Unknown,436947
9364468215,Flynn,Matthews,English,2020-02-14,Enabled,Verified,875163
9754716572,Erasmus,Mays,English,2020-12-31,Disabled,Verified,555189
9154416842,Roth,Delgado,English,2020-05-09,Enabled,Verified,598148
9534117785,Marny,Saunders,Hindi,2019-08-05,Enabled,Verified,426762
9476391165,Vladimir,Nash,English,2020-12-06,Enabled,Blocked,729541
9858334503,Sybil,Frost,English,2020-12-26,Disabled,Blocked,636657
9654175493,Vaughan,Rice,English,2020-10-18,Disabled,Unknown,212789
9305274861,Ciaran,Brewer,Hindi,2020-07-10,Disabled,Verified,633497
9930358373,Lois,Hart,Hindi,2020-04-22,Disabled,Unknown,430115
9667787428,Daphne,Hall,English,2019-12-15,Disabled,Verified,653286
9393351584,Marshall,Rogers,Hindi,2020-07-23,Disabled,Blocked,388784
9831564029,Arthur,Kane,Hindi,2019-12-30,Enabled,Unknown,617783
9132837735,Thane,Garner,English,2019-06-29,Enabled,Blocked,364821
9363781214,Nehru,Hudson,English,2020-06-18,Disabled,Verified,880312
9608531128,Beck,Clements,English,2020-09-15,Disabled,Verified,516256
9746380491,Patricia,Moses,English,2019-05-25,Disabled,Blocked,381151
9676440383,Summer,Chapman,Hindi,2019-10-22,Enabled,Unknown,288059
9552659477,Jordan,Sanchez,English,2019-04-20,Enabled,Unknown,386574
9531982995,Chloe,Romero,English,2020-08-31,Disabled,Blocked,537836
9555268183,Linda,Ball,English,2020-08-20,Disabled,Verified,445351
9431871313,Indigo,Swanson,Hindi,2019-07-10,Enabled,Blocked,797639
9552436653,Cheryl,Sharp,Hindi,2019-12-04,Disabled,Unknown,413134
9735569237,Eugenia,Kirby,Hindi,2019-11-07,Disabled,Verified,260436
9985793436,Laurel,Mayer,Hindi,2020-08-08,Enabled,Unknown,702685
