adv_id,post_date,expiry_date,is_active,adv_title,verification_status,user_id,product_id
1,21-02-2022 18:18,25-03-2022 08:52,Y,morbi ut odio cras mi pede,Unkown,9132328837,45
2,27-02-2022 19:01,09-03-2022 18:08,Y,gravida nisi at nibh in hac,Verified,9450061427,29
3,23-02-2022 11:53,17-02-2022 17:35,N,erat vestibulum sed magna,Unkown,9797736171,17
4,01-02-2022 15:28,16-03-2022 11:44,Y,molestie lorem quisque ut,Verified,9586640674,33
5,09-01-2022 09:56,24-03-2022 15:54,Y,sapien placerat ante nulla,Verified,9898614273,42
6,07-01-2022 22:18,18-03-2022 23:58,Y,orci vehicula condimentum curabitur,Verified,9867456663,36
7,14-02-2022 01:33,21-03-2022 04:15,Y,augue vestibulum ante ipsum primis in,Verified,9771339555,38
8,09-01-2022 22:22,15-02-2022 18:54,N,ultrices libero non mattis pulvinar nulla,Rejected,9984457412,12
9,11-01-2022 07:01,07-03-2022 23:48,Y,quisque erat eros viverra eget,Unkown,9776132442,28
10,27-01-2022 17:34,03-02-2022 08:29,N,leo pellentesque ultrices mattis,Unkown,9615882758,2
11,03-02-2022 14:10,17-02-2022 01:33,N,cras mi pede,Unkown,9436652636,16
12,09-02-2022 05:44,01-03-2022 07:36,Y,ut massa quis augue luctus,Unkown,9521184877,23
13,17-01-2022 21:40,16-03-2022 17:37,Y,libero convallis eget eleifend,Unkown,9113634208,34
14,13-02-2022 02:05,16-03-2022 21:54,Y,in sapien iaculis congue vivamus metus,Unkown,9835335356,35
15,06-01-2022 22:09,02-02-2022 18:01,N,accumsan odio curabitur convallis duis,Verified,9615882758,1
16,19-01-2022 08:36,24-03-2022 04:09,Y,donec posuere metus vitae ipsum aliquam,Verified,9436652636,41
17,03-01-2022 07:38,11-03-2022 23:04,Y,in sapien iaculis congue,Verified,9521184877,30
18,21-02-2022 17:24,15-03-2022 06:21,Y,dolor vel est donec odio,Unkown,9113634208,32
19,19-01-2022 04:31,04-03-2022 17:07,Y,interdum venenatis turpis enim blandit mi,Unkown,9835335356,25
20,03-02-2022 05:37,09-02-2022 23:40,N,interdum mauris non ligula pellentesque,Unkown,9617865922,6
21,28-01-2022 01:22,23-03-2022 12:33,Y,purus sit amet nulla,Unkown,9868218176,40
22,16-01-2022 04:11,25-02-2022 23:58,N,auctor sed tristique in,Unkown,9989528254,21
23,29-01-2022 05:35,04-02-2022 05:35,N,tincidunt ante vel ipsum,Unkown,9317811717,3
24,11-01-2022 16:53,25-03-2022 07:20,Y,eleifend quam a,Verified,9261481743,44
25,17-02-2022 20:51,13-02-2022 19:48,N,justo in blandit,Verified,9139623353,10
26,20-02-2022 15:30,28-02-2022 21:46,Y,tellus nisi eu,Unkown,9185557667,22
27,23-01-2022 12:21,16-02-2022 15:52,N,suspendisse potenti in eleifend,Unkown,9513247511,14
28,20-02-2022 08:57,20-02-2022 12:20,N,pede posuere nonummy integer,Unkown,9120152327,19
29,01-01-2022 10:45,05-03-2022 22:58,Y,massa quis augue luctus tincidunt,Verified,9161231259,26
30,01-02-2022 13:25,24-02-2022 20:43,N,ipsum primis in faucibus orci,Verified,9491252693,20
31,09-02-2022 22:35,25-03-2022 10:35,Y,tortor risus dapibus augue,Verified,9776132442,46
32,04-02-2022 23:09,26-03-2022 11:17,Y,est phasellus sit,Verified,9615882758,47
33,17-02-2022 08:01,12-02-2022 23:35,N,luctus nec molestie sed justo pellentesque,Rejected,9436652636,9
34,25-02-2022 06:01,14-02-2022 08:10,N,vulputate elementum nullam varius nulla,Verified,9521184877,11
35,27-01-2022 01:21,15-02-2022 22:27,N,dui nec nisi volutpat,Verified,9113634208,13
36,09-02-2022 18:49,19-03-2022 10:48,Y,lacus morbi sem mauris,Unkown,9835335356,37
37,30-01-2022 19:50,07-02-2022 07:38,N,aliquet ultrices erat tortor,Verified,9393351584,4
38,11-02-2022 08:29,09-02-2022 23:14,N,dui nec nisi volutpat eleifend,Unkown,9831564029,5
39,05-02-2022 02:00,26-03-2022 23:44,Y,dui nec nisi volutpat eleifend,Unkown,9132837735,48
40,02-01-2022 13:48,07-03-2022 12:13,Y,consequat varius integer,Verified,9363781214,27
41,19-02-2022 20:44,13-03-2022 22:16,Y,in quam fringilla,Unkown,9608531128,31
42,26-01-2022 04:17,27-03-2022 07:25,Y,convallis nunc proin at,Unkown,9746380491,50
43,07-01-2022 15:19,27-03-2022 00:40,Y,ligula suspendisse ornare,Verified,9676440383,49
44,05-01-2022 15:02,19-02-2022 22:25,N,lectus suspendisse potenti in eleifend quam,Rejected,9552659477,18
45,27-02-2022 03:02,24-03-2022 23:49,Y,integer ac neque duis bibendum,Verified,9531982995,43
46,21-01-2022 01:10,22-03-2022 21:56,Y,sapien cum sociis natoque,Unkown,9555268183,39
47,19-01-2022 12:38,02-03-2022 11:31,Y,odio curabitur convallis duis,Unkown,9431871313,24
48,13-02-2022 15:24,10-02-2022 07:39,N,odio elementum eu interdum,Unkown,9552436653,7
49,25-01-2022 08:12,11-02-2022 20:59,N,nunc commodo placerat,Unkown,9735569237,8
50,02-01-2022 13:18,17-02-2022 00:13,N,sapien in sapien iaculis congue vivamus,Rejected,9985793436,15
