phone,first_name,last_name,pref_language,date_of_joining,area_id,privacy,status
9132328837,Yasir,Park,English,17-11-2020,120368,Disabled,Blocked
9450061427,Bruce,Hammond,Hindi,30-08-2020,316645,Enabled,Verified
9797736171,Barclay,Alexander,English,17-02-2020,485219,Disabled,Unknown
9586640674,Mohammad,Rush,English,14-01-2021,163523,Disabled,Verified
9898614273,Burke,Cortez,Hindi,04-09-2019,872964,Enabled,Verified
9867456663,Wyoming,Waters,Hindi,08-11-2019,487835,Enabled,Unknown
9771339555,Cameran,Thomas,Hindi,28-04-2019,466855,Disabled,Verified
9984457412,Vernon,Livingston,Hindi,01-03-2019,584074,Enabled,Blocked
9776132442,Derek,Carver,English,10-07-2020,161883,Enabled,Blocked
9615882758,Graham,Coleman,English,16-11-2020,516304,Enabled,Verified
9436652636,Alvin,Heath,English,06-02-2020,803849,Disabled,Verified
9521184877,Sara,Riley,Hindi,14-03-2020,446250,Disabled,Verified
9113634208,Zeph,Joyner,Hindi,05-10-2020,686966,Disabled,Blocked
9835335356,Davis,Nixon,English,23-01-2020,267313,Disabled,Verified
9617865922,Astra,Kent,Hindi,31-03-2020,341084,Enabled,Blocked
9868218176,Lacy,Salinas,Hindi,23-04-2020,653371,Disabled,Unknown
9989528254,MacKenzie,Hale,English,11-10-2019,173642,Disabled,Blocked
9317811717,Gemma,Mack,English,20-06-2019,454054,Disabled,Verified
9261481743,Beau,Byers,Hindi,29-12-2020,842121,Disabled,Blocked
9139623353,Sopoline,Craft,Hindi,17-01-2021,574864,Enabled,Blocked
9185557667,Ashton,Bright,Hindi,03-01-2021,813513,Enabled,Verified
9513247511,Dexter,Garcia,English,24-05-2020,879173,Enabled,Unknown
9120152327,Francesca,Meyers,English,01-11-2020,606226,Enabled,Blocked
9161231259,Uriel,Kirkland,English,14-07-2019,813712,Enabled,Unknown
9491252693,Zenia,Bean,Hindi,30-11-2019,545768,Enabled,Unknown
9751375227,Jolie,Knox,English,07-10-2019,436747,Disabled,Unknown
9117021836,Drake,Clarke,English,02-09-2019,215576,Enabled,Blocked
9185270459,Rafael,Roth,English,19-02-2019,494191,Disabled,Blocked
9229631852,Tatum,Carter,Hindi,29-07-2019,528203,Enabled,Unknown
9615574688,Alexis,Stein,Hindi,29-10-2019,450372,Enabled,Blocked
9834693558,Laurel,Collier,Hindi,04-05-2020,943744,Disabled,Blocked
9207138110,Erica,Mccall,English,01-11-2020,637738,Disabled,Verified
9787506526,Hamilton,Larson,Hindi,16-06-2020,635462,Disabled,Blocked
9580655266,Nyssa,Lynn,Hindi,26-01-2021,239337,Disabled,Unknown
9439712547,Bevis,Bright,English,29-06-2019,218287,Enabled,Blocked
9318595218,Sean,Walters,Hindi,22-02-2020,715352,Disabled,Verified
9681711999,Tanya,Mann,Hindi,20-12-2020,482877,Disabled,Blocked
9031751348,Orson,Bray,English,30-08-2020,332360,Disabled,Verified
9553884354,Charity,Stone,Hindi,15-06-2019,323516,Disabled,Verified
9119173172,Charles,Talley,English,21-08-2020,916641,Disabled,Unknown
9671154030,Madeline,Bush,Hindi,28-06-2019,222487,Disabled,Blocked
9231581408,Fatima,Garrison,English,25-07-2020,700753,Disabled,Blocked
9435527525,Solomon,Fowler,English,11-12-2019,136477,Disabled,Blocked
9561629214,Kiona,Mathews,English,13-10-2019,313862,Disabled,Blocked
9637875569,Dante,Carpenter,English,03-05-2019,547813,Disabled,Verified
9327289129,Kamal,Harvey,English,06-09-2020,788411,Enabled,Verified
9862467822,Orson,Rich,Hindi,01-01-2021,722258,Disabled,Verified
9778727626,Diana,Mcdonald,Hindi,08-08-2020,802352,Enabled,Verified
9953072238,Leonard,Sampson,Hindi,05-03-2020,157975,Enabled,Blocked
9602147719,Oscar,Hahn,Hindi,23-09-2019,335376,Disabled,Verified
9711375532,Dacey,Aguilar,English,09-01-2021,779057,Disabled,Verified
9885533963,Abigail,Graham,Hindi,18-12-2020,436947,Enabled,Verified
9872027931,Karen,Mcdonald,English,13-10-2020,875163,Enabled,Verified
9642713224,Wayne,Rodriquez,Hindi,27-01-2021,555189,Disabled,Blocked
9418431961,Martena,Hicks,English,09-03-2019,598148,Disabled,Unknown
9237818061,Rama,Mcpherson,Hindi,11-02-2021,426762,Disabled,Blocked
9775375734,Caleb,Cortez,Hindi,10-11-2019,729541,Disabled,Unknown
9315642024,Maggie,Sims,English,19-01-2020,636657,Enabled,Blocked
9484122338,Solomon,O'donnell,English,12-09-2020,212789,Disabled,Verified
9334410444,Hashim,Cox,Hindi,06-01-2021,633497,Disabled,Blocked
9947284577,Roth,Morales,English,06-05-2020,430115,Disabled,Verified
9194440624,Melodie,Thompson,English,03-06-2020,653286,Disabled,Verified
9143238421,Kelsey,Buckley,Hindi,17-03-2019,388784,Enabled,Unknown
9544067418,Ramona,Preston,Hindi,31-05-2019,617783,Disabled,Blocked
9195514542,Alma,Nunez,Hindi,03-07-2019,364821,Disabled,Verified
9743635159,Thor,Dillon,Hindi,26-10-2019,880312,Enabled,Blocked
9168613222,Xantha,Mcmahon,English,31-01-2021,516256,Disabled,Blocked
9669752348,Chanda,Goodman,Hindi,13-04-2019,381151,Disabled,Verified
9537647867,Lunea,Mcpherson,Hindi,30-05-2020,288059,Enabled,Blocked
9918431455,Faith,Dennis,Hindi,12-06-2019,386574,Disabled,Verified
9336363892,Quamar,Hewitt,English,25-08-2019,537836,Enabled,Verified
9416758436,Keane,Hinton,English,22-08-2019,445351,Disabled,Unknown
9125719532,September,Cobb,English,21-12-2019,797639,Disabled,Blocked
9523936466,Ifeoma,Pate,English,12-05-2020,413134,Disabled,Verified
9278285145,Hunter,Coffey,Hindi,31-12-2019,260436,Enabled,Blocked
9677475540,Christen,Copeland,Hindi,18-08-2020,702685,Enabled,Unknown
9705277811,Darryl,Colon,English,25-05-2019,373997,Enabled,Verified
9111328522,Rudyard,Webb,Hindi,22-09-2020,577558,Disabled,Blocked
9241671578,Lucius,Smith,Hindi,09-09-2019,712186,Disabled,Verified
9624487867,Gary,Freeman,English,04-08-2019,437875,Enabled,Verified
9624147814,Leigh,Schneider,English,12-07-2019,194578,Enabled,Verified
9244795967,Lucy,Murphy,Hindi,07-02-2021,723367,Enabled,Blocked
9588640416,Sarah,Faulkner,Hindi,13-03-2019,595444,Enabled,Verified
9333186992,Patricia,Huffman,English,22-08-2019,713224,Enabled,Verified
9166316665,Scott,Oliver,English,25-08-2019,324386,Disabled,Verified
9433642180,Gage,Lowery,Hindi,18-09-2019,814675,Enabled,Blocked
9346415581,Vladimir,Rowe,Hindi,06-07-2019,688208,Disabled,Verified
9149121882,Francesca,Castaneda,English,03-10-2019,564256,Enabled,Verified
9579967622,Kelsey,Rocha,English,22-01-2021,753831,Disabled,Verified
9913987533,Alan,Wall,English,29-11-2019,373634,Enabled,Verified
9511117343,Nomlanga,Cline,Hindi,19-09-2019,450845,Enabled,Blocked
9559620402,Driscoll,Holder,English,06-10-2020,816167,Disabled,Blocked
9122136116,Kitra,Gardner,English,14-01-2021,888101,Disabled,Blocked
9386535911,Colt,Avery,Hindi,19-05-2019,282149,Disabled,Blocked
9441512838,Hedy,Cooke,English,25-01-2021,886265,Enabled,Unknown
9236581227,Rebecca,Petty,Hindi,12-08-2019,213681,Enabled,Verified
9307501778,Eleanor,Cervantes,Hindi,27-07-2020,559774,Enabled,Unknown
9069850482,Jolie,Perry,Hindi,28-08-2019,623772,Enabled,Verified
9186112358,Shaeleigh,Harvey,Hindi,15-04-2020,326418,Disabled,Verified
9837550133,Jade,Morales,English,03-08-2019,746316,Disabled,Unknown
9532494761,Tatiana,Calderon,English,05-07-2020,120368,Enabled,Blocked
9166877619,Jason,Brooks,Hindi,28-04-2020,316645,Disabled,Blocked
9442813668,Malcolm,Albert,Hindi,31-05-2019,485219,Disabled,Blocked
9252563358,Lane,Sheppard,English,29-06-2020,163523,Disabled,Verified
9890118834,Adrienne,Suarez,English,18-09-2020,872964,Enabled,Blocked
9623669231,Tarik,Fields,English,16-01-2020,487835,Enabled,Blocked
9771377585,Lucas,Barr,English,18-06-2019,466855,Disabled,Verified
9518224676,Derek,Nunez,Hindi,29-12-2019,584074,Disabled,Blocked
9523253155,Orlando,Benson,Hindi,15-04-2019,161883,Disabled,Verified
9287121282,Barry,Cortez,English,18-08-2020,516304,Enabled,Unknown
9266752726,Bruno,Hyde,Hindi,23-09-2019,803849,Enabled,Unknown
9478225075,Seth,Kennedy,Hindi,15-02-2019,446250,Enabled,Unknown
9460112813,Forrest,Dyer,English,07-12-2020,686966,Enabled,Blocked
9175477973,Justin,Mcmahon,Hindi,24-04-2020,267313,Disabled,Unknown
9255172181,Shelby,Rasmussen,English,29-06-2020,341084,Enabled,Verified
9784621158,Mikayla,Ray,Hindi,13-07-2020,653371,Enabled,Unknown
9663314043,Sharon,Emerson,Hindi,19-01-2021,173642,Disabled,Verified
9751532824,Keaton,Duran,Hindi,15-07-2020,454054,Enabled,Verified
9526361175,Gisela,Kent,English,10-11-2020,842121,Disabled,Blocked
9762462518,Hasad,Winters,English,29-06-2020,574864,Enabled,Unknown
9127869896,Uriah,Wilder,English,22-01-2020,813513,Disabled,Unknown
9722377747,Kirsten,Brooks,English,04-06-2019,879173,Enabled,Blocked
9282765841,Fiona,Jacobson,English,06-05-2019,606226,Disabled,Blocked
9016656950,Elijah,Mayer,English,17-08-2019,813712,Enabled,Blocked
9652768221,Graham,Lane,English,12-01-2020,545768,Enabled,Blocked
9738360111,Hollee,House,English,20-08-2019,436747,Enabled,Blocked
9789531264,Joshua,Steele,English,13-06-2019,215576,Enabled,Blocked
9292425034,Rahim,Jarvis,Hindi,24-08-2020,494191,Disabled,Blocked
9437609231,Matthew,Henson,Hindi,23-06-2019,528203,Enabled,Verified
9746543025,Laurel,Bartlett,English,08-01-2020,450372,Disabled,Blocked
9425064419,Sawyer,York,English,11-05-2020,943744,Disabled,Unknown
9850145782,Hadassah,Walters,English,26-06-2020,637738,Disabled,Blocked
9847263812,Heidi,Kemp,English,01-02-2021,635462,Disabled,Verified
9626668584,Cameran,Spence,English,16-02-2020,239337,Disabled,Unknown
9075734103,Madaline,Beck,English,12-02-2019,218287,Disabled,Verified
9073152782,Hayes,Vance,English,12-03-2020,715352,Enabled,Blocked
9746445742,Maxwell,Finch,Hindi,13-12-2019,482877,Enabled,Blocked
9581775461,Donovan,Morse,English,08-07-2019,332360,Disabled,Blocked
9511805211,Matthew,Skinner,Hindi,13-10-2020,323516,Enabled,Unknown
9524650065,Phoebe,Johns,English,20-02-2019,916641,Disabled,Verified
9151863756,Donna,Thornton,Hindi,18-09-2019,222487,Disabled,Verified
9742146886,Marsden,Bush,English,21-01-2020,700753,Disabled,Blocked
9563451451,Thaddeus,Garrison,Hindi,13-06-2020,136477,Disabled,Unknown
9717539429,Kameko,Collins,English,20-05-2020,313862,Enabled,Blocked
9782366457,Carol,Griffith,Hindi,28-09-2019,547813,Enabled,Verified
9309612977,Illana,Gilliam,English,15-06-2020,788411,Enabled,Unknown
9125672815,Rahim,Lamb,English,05-11-2020,722258,Enabled,Unknown
9675963272,Margaret,Knapp,English,09-09-2020,802352,Disabled,Verified
9951424956,Genevieve,Burks,Hindi,08-10-2019,157975,Disabled,Unknown
9247002621,Geoffrey,Ramirez,Hindi,11-03-2019,335376,Disabled,Unknown
9429635766,Karina,Bowers,Hindi,07-04-2019,779057,Enabled,Unknown
9870566478,Coby,Weber,English,12-01-2020,436947,Enabled,Unknown
9052252037,Linda,Sharp,Hindi,23-06-2020,875163,Enabled,Unknown
9154242156,Linus,Gallagher,English,02-02-2020,555189,Enabled,Blocked
9436527515,Cherokee,Wyatt,Hindi,04-01-2021,598148,Disabled,Verified
9456507381,Cole,Sykes,English,23-10-2020,426762,Enabled,Blocked
9332465514,Madeline,Wallace,Hindi,03-07-2020,729541,Enabled,Verified
9341520632,Deacon,Tyson,Hindi,08-11-2020,636657,Disabled,Blocked
9465185840,Porter,Jackson,Hindi,08-06-2019,212789,Enabled,Blocked
9858958684,Simone,Weaver,English,22-03-2020,633497,Disabled,Verified
9096923688,Farrah,Hernandez,English,26-02-2020,430115,Disabled,Unknown
9427656856,Jack,Barr,English,09-06-2020,653286,Disabled,Unknown
9671284039,Virginia,Pugh,English,08-04-2019,388784,Disabled,Unknown
9632772436,Ima,Christian,Hindi,18-09-2019,617783,Enabled,Blocked
9448857345,Emi,Wiley,English,23-10-2019,364821,Enabled,Verified
9642918178,Melanie,Brock,Hindi,18-01-2021,880312,Enabled,Unknown
9476588351,Coby,Hoover,English,15-02-2021,516256,Enabled,Verified
9473774082,Elijah,Nixon,English,21-03-2020,381151,Enabled,Unknown
9964266527,Ariana,Patel,Hindi,16-06-2019,288059,Disabled,Unknown
9831656671,Jana,Bradford,English,25-12-2019,386574,Disabled,Unknown
9012473368,Iris,Drake,Hindi,21-01-2020,537836,Enabled,Verified
9971374678,Kieran,Russo,Hindi,29-01-2020,445351,Enabled,Blocked
9815253725,Yardley,O'donnell,Hindi,30-05-2020,797639,Enabled,Unknown
9404953656,Lydia,Shepherd,Hindi,11-09-2019,413134,Enabled,Verified
9746054126,Gavin,Burns,Hindi,10-03-2019,260436,Disabled,Verified
9927386762,Evelyn,Frederick,English,03-06-2020,702685,Disabled,Verified
9658473575,Kimberley,Kirby,English,26-10-2019,373997,Enabled,Blocked
9303962272,Kiona,Vance,English,05-03-2019,577558,Enabled,Blocked
9870802261,Wynter,Heath,Hindi,27-02-2019,712186,Disabled,Verified
9872534735,Odette,Rojas,English,11-05-2020,437875,Enabled,Blocked
9256961055,Miranda,Decker,English,09-03-2020,194578,Disabled,Blocked
9995723159,Rafael,Pittman,Hindi,02-06-2019,723367,Disabled,Unknown
9487867545,Arsenio,Mathis,Hindi,10-06-2019,595444,Disabled,Unknown
9552782132,Abigail,Hall,English,29-02-2020,713224,Enabled,Blocked
9478531938,Elaine,Stafford,Hindi,10-06-2020,324386,Disabled,Verified
9437987841,Gavin,Hewitt,Hindi,11-11-2019,814675,Enabled,Unknown
9415843364,Driscoll,Sutton,English,15-06-2019,688208,Enabled,Blocked
9944841185,Jin,Tucker,Hindi,28-01-2021,564256,Enabled,Verified
9575069848,Chester,Santos,Hindi,16-01-2021,753831,Disabled,Unknown
9128228124,Malachi,Olson,English,20-10-2020,373634,Enabled,Blocked
9415173648,Isaiah,Mathews,English,03-10-2020,450845,Disabled,Verified
9646767184,Urielle,Mcgee,English,30-10-2020,816167,Disabled,Verified
9101201728,Harlan,Justice,English,24-05-2019,888101,Disabled,Blocked
9805777723,Galvin,Andrews,Hindi,17-06-2020,282149,Enabled,Unknown
9944877463,Macey,Hartman,Hindi,20-12-2019,886265,Disabled,Unknown
9943596568,Merritt,Palmer,Hindi,18-04-2020,213681,Disabled,Unknown
9680378529,Galvin,Wilkinson,English,03-11-2019,559774,Disabled,Blocked
9494129745,Cairo,Henry,Hindi,14-02-2020,623772,Enabled,Unknown
9509118114,Emerson,Duffy,Hindi,20-08-2019,326418,Disabled,Unknown
9978515081,Lacota,Bell,Hindi,31-10-2019,746316,Disabled,Unknown
9838455720,Celeste,Serrano,English,21-09-2019,120368,Disabled,Unknown
9223435349,Vance,Conway,English,07-02-2020,316645,Enabled,Unknown
9317818411,Aaron,Irwin,English,19-04-2020,485219,Enabled,Verified
9134772637,Lacey,Aguilar,English,19-04-2020,163523,Disabled,Verified
9222359568,Alexandra,Franks,Hindi,13-07-2019,872964,Disabled,Verified
9613153367,Vincent,Whitfield,Hindi,29-07-2020,487835,Disabled,Verified
9500272247,Quemby,Simmons,English,01-01-2021,466855,Enabled,Unknown
9435837215,Joel,Mcfadden,English,03-01-2021,584074,Enabled,Unknown
9351162654,Ignatius,Turner,Hindi,25-08-2020,161883,Disabled,Verified
9176877242,Aileen,Hopkins,Hindi,06-07-2019,516304,Enabled,Verified
9852156571,Jelani,Ferguson,English,10-11-2020,803849,Disabled,Verified
9871163813,Slade,Dillard,English,18-06-2020,446250,Enabled,Blocked
9563114189,Fleur,Witt,Hindi,07-02-2020,686966,Disabled,Unknown
9272315722,Kato,Hampton,Hindi,28-09-2020,267313,Enabled,Verified
9544637260,Octavia,Reyes,Hindi,04-04-2019,341084,Enabled,Blocked
9588475884,Hiram,Hartman,English,03-03-2019,653371,Enabled,Blocked
9153238114,Wing,Armstrong,Hindi,11-05-2020,173642,Enabled,Blocked
9338426239,Wang,Hodges,English,29-06-2019,454054,Disabled,Verified
9233078216,Mark,Duran,English,17-06-2019,842121,Disabled,Unknown
9070637821,Owen,Sweeney,Hindi,02-09-2019,574864,Disabled,Verified
9888434359,Kato,Cotton,English,31-08-2019,813513,Disabled,Blocked
9869196375,Phoebe,Johns,Hindi,09-09-2020,879173,Enabled,Unknown
9451567440,Sacha,Bass,English,13-12-2019,606226,Enabled,Blocked
9698024954,Grady,Farmer,English,20-08-2020,813712,Enabled,Blocked
9145313712,Bertha,Burgess,English,03-01-2021,545768,Enabled,Verified
9637365584,Quentin,Kemp,English,13-03-2020,436747,Disabled,Blocked
9365814885,Abraham,Contreras,English,01-10-2020,215576,Disabled,Unknown
9781567001,Hope,Todd,Hindi,26-03-2019,494191,Disabled,Blocked
9622842795,Baxter,Mcclain,Hindi,30-06-2019,528203,Disabled,Verified
9773766073,Connor,Swanson,English,11-11-2020,450372,Disabled,Blocked
9837514232,Wallace,Sawyer,English,01-05-2019,943744,Disabled,Unknown
9665755584,Quynn,Dillon,Hindi,08-09-2019,637738,Enabled,Blocked
9614458756,Reed,Castro,Hindi,23-09-2020,635462,Enabled,Unknown
9575562515,Leigh,Emerson,English,05-06-2019,239337,Enabled,Verified
9773880116,Levi,Hampton,English,18-03-2020,218287,Disabled,Blocked
9297121166,Lilah,Perry,English,19-05-2019,715352,Disabled,Blocked
9578655329,Quinlan,Tucker,Hindi,29-04-2019,482877,Enabled,Blocked
9853023450,Allen,Vaughn,Hindi,27-11-2020,332360,Enabled,Verified
9569152316,Rooney,Camacho,English,14-10-2020,323516,Disabled,Blocked
9844804458,Doris,Franco,English,06-11-2019,120368,Enabled,Blocked
9969433852,Alvin,Hammond,Hindi,23-06-2020,316645,Enabled,Blocked
9889963721,Tyler,Coffey,Hindi,26-03-2019,485219,Enabled,Unknown
9148612283,Marsden,Ward,Hindi,15-06-2020,163523,Disabled,Verified
9884713733,Dean,Griffin,English,19-11-2019,872964,Enabled,Blocked
9704816473,Cain,Brooks,English,22-03-2019,487835,Disabled,Unknown
9992373113,Veronica,Vasquez,English,13-04-2020,466855,Enabled,Unknown
9544514343,Ocean,Duran,Hindi,02-01-2021,584074,Disabled,Blocked
9530623417,Allen,Alvarez,English,25-06-2019,161883,Disabled,Verified
9414607489,Dante,Sargent,Hindi,07-09-2019,516304,Enabled,Blocked
9138267166,Leigh,Sargent,Hindi,13-09-2019,803849,Enabled,Unknown
9673249370,Bevis,Stephenson,Hindi,22-09-2019,446250,Enabled,Blocked
9645761373,Orla,Carr,Hindi,25-08-2019,686966,Enabled,Unknown
9335561546,George,Malone,Hindi,08-08-2019,267313,Enabled,Blocked
9237431752,Megan,Coffey,Hindi,23-04-2020,341084,Disabled,Blocked
9454641726,Lareina,Scott,Hindi,25-09-2019,653371,Enabled,Blocked
9478631535,Mari,Calhoun,English,12-02-2020,173642,Enabled,Unknown
9532827285,Kim,Dudley,Hindi,28-11-2019,454054,Enabled,Unknown
9879870282,Trevor,Cruz,Hindi,11-12-2020,842121,Disabled,Blocked
9656685933,Quamar,Walker,Hindi,26-10-2020,574864,Enabled,Verified
9232777980,Heather,Sampson,Hindi,06-02-2020,813513,Enabled,Blocked
9556465101,Cyrus,Lloyd,Hindi,08-12-2019,879173,Disabled,Verified
9039157321,Lenore,Saunders,Hindi,04-07-2019,606226,Enabled,Blocked
9651886259,Leroy,Huber,Hindi,15-09-2019,813712,Enabled,Verified
9106546586,Nathaniel,Diaz,English,04-04-2020,545768,Enabled,Verified
9723436988,Shea,Duran,English,16-12-2019,436747,Disabled,Blocked
9353096149,Alice,Walters,Hindi,30-04-2019,215576,Disabled,Unknown
9634427183,Elmo,Duran,Hindi,10-09-2020,494191,Disabled,Blocked
9173760274,Nina,Mueller,English,24-08-2019,528203,Enabled,Verified
9716631557,Raja,Alford,English,10-06-2019,450372,Enabled,Blocked
9074404112,Rina,Leblanc,Hindi,02-07-2019,943744,Enabled,Unknown
9373716841,Kaye,Koch,English,25-12-2020,637738,Disabled,Unknown
9531518828,Wylie,Wooten,Hindi,06-07-2020,635462,Enabled,Verified
9730712130,Keely,Burnett,English,11-06-2019,239337,Enabled,Verified
9013765566,Abel,Vinson,English,27-05-2019,218287,Enabled,Unknown
9713445776,Ishmael,Osborn,Hindi,08-01-2020,715352,Disabled,Verified
9154623154,Robert,Price,Hindi,29-06-2019,482877,Disabled,Verified
9795112876,Oren,Randolph,Hindi,19-10-2020,332360,Disabled,Unknown
9115978134,Urielle,Finch,English,23-10-2020,323516,Disabled,Blocked
9729749798,Jorden,Lancaster,English,17-10-2019,916641,Enabled,Unknown
9724573473,Hector,Branch,English,31-10-2020,222487,Disabled,Verified
9355434910,Petra,Huffman,English,28-11-2020,700753,Enabled,Unknown
9128525251,Raven,Peters,English,08-09-2019,136477,Disabled,Verified
9921454974,Robert,Mccall,English,08-02-2019,313862,Enabled,Blocked
9152381723,Gretchen,Clark,Hindi,01-11-2019,547813,Disabled,Verified
9723518963,Cleo,Snow,English,28-12-2019,788411,Disabled,Verified
9378401821,Avye,Chapman,English,19-05-2019,722258,Disabled,Unknown
9891332950,Wyatt,Charles,English,23-12-2020,802352,Enabled,Verified
9136748938,Odessa,Larsen,Hindi,16-11-2019,157975,Disabled,Blocked
9293825241,Colton,Valencia,Hindi,01-09-2019,335376,Disabled,Unknown
9368428182,Pandora,Oliver,English,05-03-2019,779057,Enabled,Verified
9826468935,Whoopi,Sanchez,Hindi,19-07-2019,436947,Enabled,Unknown
9978445006,Alika,Crane,English,25-10-2020,875163,Disabled,Verified
9071784358,Elaine,Perry,Hindi,09-09-2019,555189,Enabled,Unknown
9385512942,Denise,Pollard,English,09-12-2019,598148,Disabled,Verified
9374392722,Shana,Richard,English,09-09-2019,426762,Enabled,Unknown
9220272498,Delilah,French,English,05-07-2019,729541,Disabled,Unknown
9492095252,Evangeline,Benson,English,04-04-2019,636657,Disabled,Blocked
9355986434,Karyn,Anthony,English,18-02-2019,212789,Disabled,Verified
9120736673,Hanna,Schultz,Hindi,04-07-2019,633497,Enabled,Blocked
9247296241,Keane,Maynard,Hindi,29-07-2020,430115,Enabled,Verified
9388577125,Phillip,Mcneil,English,19-07-2020,653286,Disabled,Unknown
9566273850,Catherine,Fuentes,Hindi,24-02-2020,388784,Disabled,Blocked
9503542362,Daria,Welch,English,17-02-2020,617783,Enabled,Blocked
9643704158,Carolyn,Walters,Hindi,03-04-2020,364821,Enabled,Blocked
9454973913,Stone,Marquez,English,19-07-2019,880312,Enabled,Unknown
9660166053,Quinn,Wise,Hindi,02-09-2019,516256,Enabled,Blocked
9838262562,Debra,Parsons,Hindi,16-01-2020,381151,Disabled,Blocked
9351354753,Stephen,Sweet,English,13-09-2019,288059,Disabled,Blocked
9089158615,Sean,Preston,English,08-01-2020,386574,Enabled,Blocked
9754378488,Skyler,Massey,Hindi,13-05-2020,537836,Disabled,Verified
9628584826,Cleo,Ortiz,Hindi,05-05-2020,445351,Enabled,Blocked
9837921658,Irene,Castro,Hindi,22-06-2020,797639,Enabled,Unknown
9423028076,Armand,Bowman,Hindi,09-01-2020,413134,Disabled,Verified
9377883897,Roanna,Cash,Hindi,01-09-2020,260436,Enabled,Verified
9351355802,Elijah,Haynes,English,10-10-2019,702685,Disabled,Verified
9318506351,Laurel,Castro,Hindi,20-01-2021,373997,Disabled,Blocked
9085225159,Gretchen,Caldwell,English,11-02-2021,577558,Enabled,Unknown
9160621183,Heidi,Livingston,Hindi,29-01-2021,712186,Disabled,Verified
9883037062,Gary,Booth,English,06-07-2020,437875,Enabled,Blocked
9942114991,Haley,Chen,English,31-08-2020,194578,Disabled,Verified
9751656643,Ciara,French,Hindi,06-10-2019,723367,Enabled,Blocked
9938313815,Winifred,Blair,English,15-05-2020,595444,Enabled,Verified
9198263234,Brielle,Robles,English,07-09-2019,713224,Disabled,Blocked
9182581867,Sade,Downs,English,08-11-2020,324386,Enabled,Unknown
9827458643,September,Savage,Hindi,23-09-2019,814675,Disabled,Unknown
9689168012,Katell,Trujillo,Hindi,30-06-2020,688208,Disabled,Verified
9283082382,Lilah,Merritt,English,09-12-2019,564256,Disabled,Verified
9191824772,Felicia,Bender,Hindi,14-02-2021,753831,Enabled,Verified
9688486997,Lionel,Gates,English,30-12-2019,373634,Disabled,Blocked
9386442135,Catherine,Branch,Hindi,12-05-2019,450845,Enabled,Unknown
9193684499,Nichole,Stein,English,19-05-2020,816167,Enabled,Blocked
9965215844,Theodore,Mcneil,English,24-11-2019,888101,Disabled,Blocked
9385638614,Wing,Whitney,English,21-01-2020,282149,Enabled,Unknown
9882253992,Anastasia,Saunders,English,19-10-2019,886265,Enabled,Verified
9428650384,Odette,Morton,Hindi,25-01-2021,213681,Enabled,Unknown
9176942028,Christen,Curry,Hindi,02-04-2019,559774,Enabled,Verified
9724109677,Raymond,Fields,Hindi,21-09-2020,623772,Enabled,Unknown
9344822022,Lewis,Huber,English,24-07-2019,326418,Enabled,Verified
9757495921,Kirk,Anthony,Hindi,08-06-2020,746316,Disabled,Blocked
9848476595,Nero,Reed,English,24-01-2021,916641,Disabled,Unknown
9446092721,Odysseus,Britt,Hindi,26-02-2020,222487,Disabled,Verified
9741842707,Whilemina,Parker,Hindi,06-02-2019,700753,Enabled,Unknown
9626741198,Lacy,Stokes,English,25-09-2019,136477,Enabled,Verified
9020136653,Zelenia,Boone,English,31-07-2019,313862,Disabled,Blocked
9371574577,Yeo,Schneider,Hindi,01-05-2019,547813,Disabled,Verified
9855249127,Florence,Santiago,English,11-04-2020,788411,Enabled,Blocked
9879221723,Gannon,Carver,English,18-03-2019,722258,Enabled,Verified
9828969827,Clementine,Lyons,Hindi,13-02-2020,802352,Disabled,Unknown
9148867853,Kaye,Mcintyre,English,10-11-2020,157975,Disabled,Unknown
9818198461,William,Zimmerman,English,25-07-2019,335376,Disabled,Blocked
9631413625,Amelia,Houston,Hindi,25-11-2019,779057,Enabled,Verified
9104719660,India,Sargent,Hindi,01-04-2020,436947,Enabled,Verified
9866988603,Evangeline,Perry,English,18-08-2020,875163,Disabled,Blocked
9368001282,Rajah,Acosta,Hindi,11-04-2019,555189,Disabled,Unknown
9540213521,Beau,Mcdowell,Hindi,26-03-2020,598148,Enabled,Blocked
9169778589,Brenna,Calderon,English,14-09-2019,426762,Enabled,Unknown
9182156674,Melinda,Roy,English,23-08-2020,729541,Disabled,Blocked
9883413294,Glenna,Watts,English,25-06-2020,636657,Disabled,Unknown
9313385366,Xyla,Schneider,Hindi,10-10-2020,212789,Enabled,Blocked
9062250842,Farrah,Shields,English,20-10-2020,633497,Enabled,Verified
9716504318,Alfonso,Hartman,English,24-09-2019,430115,Enabled,Unknown
9016262740,Illiana,Potts,English,21-11-2019,653286,Disabled,Unknown
9647393308,Damian,Skinner,Hindi,08-03-2019,388784,Enabled,Verified
9547141492,Giselle,Booth,Hindi,11-09-2020,617783,Disabled,Verified
9055483764,Herman,Carr,English,26-01-2021,364821,Enabled,Blocked
9958825341,Grady,Noel,English,27-12-2019,880312,Enabled,Unknown
9184649862,Gage,Roth,Hindi,23-05-2020,120368,Disabled,Unknown
9555232258,Randall,Lane,Hindi,30-04-2019,316645,Enabled,Verified
9255473388,Amos,Lowe,English,21-05-2020,485219,Enabled,Unknown
9204859642,Amery,Stevens,Hindi,02-06-2020,163523,Disabled,Unknown
9127348371,Genevieve,Barker,English,06-01-2020,872964,Enabled,Blocked
9437873153,April,Cleveland,Hindi,06-01-2020,487835,Enabled,Blocked
9550558241,Chaim,Wooten,English,21-08-2019,466855,Disabled,Blocked
9371934439,Macy,Hanson,Hindi,02-12-2019,584074,Enabled,Verified
9156777518,Ulric,Rios,English,01-09-2020,161883,Disabled,Blocked
9083241131,Isaiah,Singleton,Hindi,13-11-2019,516304,Enabled,Verified
9665685572,Bertha,Garcia,Hindi,05-06-2019,803849,Disabled,Verified
9899651867,Levi,Olsen,Hindi,12-01-2020,446250,Enabled,Verified
9152487921,Elaine,Whitley,Hindi,12-10-2020,686966,Disabled,Unknown
9649391037,Tatiana,Mayer,English,12-01-2021,267313,Disabled,Unknown
9433271275,Colby,Kemp,Hindi,08-01-2021,341084,Disabled,Verified
9602274960,Bryar,Gibson,English,10-05-2019,653371,Disabled,Unknown
9445855625,Dillon,Bailey,Hindi,12-10-2019,173642,Enabled,Unknown
9763503042,Vivian,Hoover,English,14-11-2020,454054,Disabled,Unknown
9714200432,Garrison,O'donnell,Hindi,10-10-2019,842121,Disabled,Unknown
9295973895,Avye,Hurley,English,17-03-2020,574864,Enabled,Unknown
9819518326,Octavius,Lynn,English,23-01-2020,813513,Disabled,Unknown
9761930117,Geoffrey,Browning,Hindi,27-11-2019,879173,Disabled,Blocked
9141098173,Karly,Hays,Hindi,23-12-2020,606226,Enabled,Unknown
9108575011,Kermit,Higgins,English,01-08-2019,813712,Enabled,Verified
9324680466,Kiona,Holmes,English,23-10-2020,545768,Enabled,Unknown
9356118328,Ivory,Villarreal,Hindi,25-10-2019,436747,Enabled,Unknown
9584558674,Margaret,Hernandez,Hindi,25-07-2020,215576,Enabled,Verified
9484086055,Hiram,Branch,English,14-11-2019,494191,Disabled,Verified
9894049255,Zane,Gates,Hindi,24-09-2020,528203,Disabled,Blocked
9206193678,Macon,Lewis,Hindi,24-02-2019,450372,Enabled,Unknown
9828737278,Timothy,Jones,Hindi,24-01-2020,943744,Enabled,Verified
9675629367,Paul,Mills,Hindi,18-11-2020,637738,Enabled,Unknown
9769995795,Rhonda,Underwood,Hindi,02-09-2019,635462,Enabled,Blocked
9835046149,Hall,Diaz,Hindi,04-03-2020,239337,Enabled,Blocked
9797663944,Ora,Herrera,Hindi,04-12-2019,218287,Enabled,Blocked
9587142554,Nell,Harmon,English,10-03-2020,715352,Disabled,Unknown
9187441373,Ulysses,Robles,English,07-03-2019,482877,Disabled,Unknown
9801172102,William,Carey,Hindi,16-03-2020,332360,Disabled,Unknown
9109254122,Xandra,Knight,English,17-02-2019,323516,Disabled,Unknown
9123672559,Asher,Blevins,English,26-03-2019,916641,Disabled,Unknown
9758255652,Alfonso,House,Hindi,28-08-2019,222487,Enabled,Blocked
9187232758,Jillian,Fuentes,English,11-08-2020,700753,Enabled,Blocked
9162647278,Martena,Wilkins,English,07-02-2021,136477,Enabled,Blocked
9045986318,George,Leach,Hindi,29-01-2020,313862,Disabled,Verified
9241643368,Iola,Ingram,Hindi,07-03-2019,547813,Disabled,Blocked
9755011615,Xandra,Blake,Hindi,29-01-2020,788411,Disabled,Unknown
9851565224,Jelani,Kline,Hindi,23-09-2020,722258,Enabled,Verified
9461547579,Tanek,Parsons,Hindi,09-03-2020,802352,Enabled,Verified
9202684552,Hayden,Pacheco,Hindi,01-07-2020,157975,Disabled,Unknown
9416238806,Beverly,Oneal,Hindi,23-06-2020,335376,Enabled,Blocked
9083526410,Silas,Mason,Hindi,09-04-2020,779057,Disabled,Unknown
9644277878,William,Barber,English,25-10-2019,436947,Disabled,Unknown
9966134173,Julie,Mcintyre,English,08-04-2019,875163,Disabled,Unknown
9881068866,Chantale,Chang,Hindi,25-11-2019,555189,Enabled,Unknown
9285852892,Hanna,Vincent,English,16-08-2019,598148,Disabled,Verified
9352233753,Unity,Hale,Hindi,07-05-2019,426762,Enabled,Verified
9698260431,Noble,Ortega,English,07-12-2019,729541,Enabled,Verified
9240506164,Rhea,Lyons,English,30-10-2019,636657,Enabled,Verified
9653437233,Nash,Lester,English,22-02-2019,120368,Disabled,Blocked
9014482677,Connor,Greer,English,29-12-2019,316645,Enabled,Blocked
9839475484,Nissim,Lindsay,English,21-10-2020,485219,Disabled,Unknown
9284651574,Sybil,Vargas,Hindi,13-01-2021,163523,Disabled,Verified
9836801433,Erica,Maynard,Hindi,10-08-2020,872964,Enabled,Blocked
9272112468,Ulysses,Jefferson,Hindi,17-11-2020,487835,Disabled,Verified
9193161842,Laura,Kramer,Hindi,01-02-2021,466855,Enabled,Blocked
9832149107,Emma,Patton,English,08-12-2020,584074,Enabled,Blocked
9711756247,Zoe,Browning,Hindi,13-08-2019,161883,Enabled,Verified
9128652818,Charde,Hammond,English,07-01-2021,516304,Enabled,Unknown
9265421589,Uta,Hoover,Hindi,08-06-2019,803849,Disabled,Unknown
9595048843,Barbara,Brewer,Hindi,17-10-2020,446250,Disabled,Unknown
9848381164,Daquan,Caldwell,English,04-09-2020,686966,Enabled,Verified
9334286664,Ignacia,Nolan,English,16-06-2020,267313,Enabled,Unknown
9562178276,Sonya,Mcintyre,Hindi,18-11-2019,341084,Enabled,Unknown
9330124844,Freya,Nielsen,Hindi,12-09-2020,653371,Enabled,Verified
9236975073,Plato,Hatfield,English,17-09-2019,173642,Disabled,Unknown
9218974315,Wyatt,Matthews,English,02-01-2021,454054,Enabled,Verified
9666891426,Blake,Langley,Hindi,17-05-2019,842121,Enabled,Unknown
9769304548,Henry,Little,English,08-01-2021,574864,Disabled,Blocked
9718036142,Malik,Case,English,11-06-2020,813513,Enabled,Unknown
9165037813,Vladimir,Wood,Hindi,14-11-2019,879173,Enabled,Blocked
9806153616,Quinn,Nelson,Hindi,19-05-2020,606226,Disabled,Unknown
9643048922,Ahmed,Small,English,17-03-2020,813712,Disabled,Blocked
9227229506,Caesar,Daniel,English,24-02-2019,545768,Enabled,Blocked
9590194431,Iris,Duncan,Hindi,17-06-2020,436747,Enabled,Verified
9110868523,Isaiah,Melton,English,07-08-2019,215576,Enabled,Unknown
9959408588,Cooper,Boyd,Hindi,03-09-2019,494191,Enabled,Unknown
9751513098,Yael,Chambers,Hindi,16-09-2020,528203,Enabled,Blocked
9837888981,Caldwell,Gross,Hindi,18-09-2019,450372,Enabled,Blocked
9256415434,Rylee,Floyd,English,21-09-2020,943744,Enabled,Verified
9836716256,Malik,Moon,English,04-08-2019,637738,Disabled,Unknown
9876183897,Madaline,Browning,English,09-08-2020,635462,Enabled,Unknown
9155611846,Vera,Wiggins,Hindi,13-08-2020,239337,Enabled,Unknown
9458354225,Daniel,Cross,English,06-12-2020,218287,Enabled,Unknown
9085405864,Ronan,Rios,English,16-03-2019,715352,Disabled,Verified
9630340080,Eliana,Mcknight,English,02-12-2019,482877,Enabled,Blocked
9565005890,Jeanette,Berg,English,23-09-2020,332360,Disabled,Unknown
9531159528,Tamekah,Pruitt,English,26-07-2019,323516,Enabled,Unknown
9637816007,Illana,Guzman,Hindi,16-04-2020,916641,Disabled,Verified
9868481046,Leah,Flynn,English,11-12-2019,222487,Enabled,Unknown
9447455869,Ginger,Townsend,Hindi,31-10-2020,700753,Enabled,Unknown
9965844779,Matthew,Jimenez,Hindi,25-03-2019,136477,Enabled,Verified
9326567673,Phillip,Solis,Hindi,02-10-2020,313862,Enabled,Unknown
9147331562,Fay,Fulton,Hindi,14-11-2020,547813,Disabled,Blocked
9885995366,Gareth,Rocha,English,10-10-2020,788411,Disabled,Blocked
9859384750,Paul,Clayton,English,19-09-2020,722258,Disabled,Unknown
9763828440,Selma,Cruz,Hindi,03-03-2020,802352,Enabled,Verified
9645783773,Virginia,Hopper,Hindi,19-01-2020,157975,Enabled,Verified
9411524692,Belle,Black,English,16-06-2020,335376,Enabled,Verified
9246134185,Thaddeus,Rojas,Hindi,23-04-2020,779057,Enabled,Blocked
9796847112,Suki,Barber,Hindi,31-01-2020,436947,Enabled,Unknown
9364468215,Flynn,Matthews,English,14-02-2020,875163,Enabled,Verified
9754716572,Erasmus,Mays,English,31-12-2020,555189,Disabled,Verified
9154416842,Roth,Delgado,English,09-05-2020,598148,Enabled,Verified
9534117785,Marny,Saunders,Hindi,05-08-2019,426762,Enabled,Verified
9476391165,Vladimir,Nash,English,06-12-2020,729541,Enabled,Blocked
9858334503,Sybil,Frost,English,26-12-2020,636657,Disabled,Blocked
9654175493,Vaughan,Rice,English,18-10-2020,212789,Disabled,Unknown
9305274861,Ciaran,Brewer,Hindi,10-07-2020,633497,Disabled,Verified
9930358373,Lois,Hart,Hindi,22-04-2020,430115,Disabled,Unknown
9667787428,Daphne,Hall,English,15-12-2019,653286,Disabled,Verified
9393351584,Marshall,Rogers,Hindi,23-07-2020,388784,Disabled,Blocked
9831564029,Arthur,Kane,Hindi,30-12-2019,617783,Enabled,Unknown
9132837735,Thane,Garner,English,29-06-2019,364821,Enabled,Blocked
9363781214,Nehru,Hudson,English,18-06-2020,880312,Disabled,Verified
9608531128,Beck,Clements,English,15-09-2020,516256,Disabled,Verified
9746380491,Patricia,Moses,English,25-05-2019,381151,Disabled,Blocked
9676440383,Summer,Chapman,Hindi,22-10-2019,288059,Enabled,Unknown
9552659477,Jordan,Sanchez,English,20-04-2019,386574,Enabled,Unknown
9531982995,Chloe,Romero,English,31-08-2020,537836,Disabled,Blocked
9555268183,Linda,Ball,English,20-08-2020,445351,Disabled,Verified
9431871313,Indigo,Swanson,Hindi,10-07-2019,797639,Enabled,Blocked
9552436653,Cheryl,Sharp,Hindi,04-12-2019,413134,Disabled,Unknown
9735569237,Eugenia,Kirby,Hindi,07-11-2019,260436,Disabled,Verified
9985793436,Laurel,Mayer,Hindi,08-08-2020,702685,Enabled,Unknown
